{"mean": [83.94453000284688, 94816.19564674913], "scale": [194.1482451522635, 47490.073493484815], "feature_names": ["Amount", "Time"]}