{
  "Time": {
    "mean": -1.406486184878159e-16,
    "std": 1.0000017573318079,
    "min": -1.996547671372987,
    "max": 1.64193901203266,
    "p25": -0.8550038494322321,
    "p75": 0.9372338486559117
  },
  "V1": {
    "mean": 0.008358592013764968,
    "std": 1.9311095435544308,
    "min": -56.407509631329,
    "max": 2.45492999121121,
    "p25": -0.9177049949234479,
    "p75": 1.31602687437813
  },
  "V2": {
    "mean": 0.013036436019560902,
    "std": 1.5754041718931573,
    "min": -72.7157275629303,
    "max": 22.0577289904909,
    "p25": -0.59599685593059,
    "p75": 0.8043613221733594
  },
  "V3": {
    "mean": 0.0060426658809222215,
    "std": 1.4987860817355574,
    "min": -33.6809840183525,
    "max": 9.38255843282114,
    "p25": -0.886198652443202,
    "p75": 1.028015198910785
  },
  "V4": {
    "mean": -0.0031994662966854845,
    "std": 1.4102314017540396,
    "min": -5.68317119816995,
    "max": 16.4912171736623,
    "p25": -0.849406822905828,
    "p75": 0.740583556552754
  },
  "V5": {
    "mean": 0.008999022466958821,
    "std": 1.3138487165135107,
    "min": -23.669725685634,
    "max": 34.8016658766686,
    "p25": -0.6890985493381735,
    "p75": 0.6125233517319131
  },
  "V6": {
    "mean": -0.0050173260743657825,
    "std": 1.3055687436192362,
    "min": -26.1605059358433,
    "max": 16.6140541011483,
    "p25": -0.7687043156136579,
    "p75": 0.3959449342728665
  },
  "V7": {
    "mean": -0.010042479696234402,
    "std": 1.1510653268582278,
    "min": -43.5572415712451,
    "max": 21.0145869011127,
    "p25": -0.5544994970905339,
    "p75": 0.5686027592035674
  },
  "V8": {
    "mean": 0.0022738761492548565,
    "std": 1.1883186920281554,
    "min": -73.2167184552674,
    "max": 20.0072083651213,
    "p25": -0.20779025674735,
    "p75": 0.327829078738205
  },
  "V9": {
    "mean": 0.0006005186857155834,
    "std": 1.0978480565107687,
    "min": -13.4340663182301,
    "max": 15.5949946071278,
    "p25": -0.6423927521370836,
    "p75": 0.5974549023447779
  },
  "V10": {
    "mean": 0.0022134129687923334,
    "std": 1.0855567360365852,
    "min": -24.5882624372475,
    "max": 23.7451361206545,
    "p25": -0.5339515428513886,
    "p75": 0.45465566208539154
  },
  "V11": {
    "mean": -0.0003008861879271775,
    "std": 1.020406784652577,
    "min": -4.79747346479757,
    "max": 12.0189131816199,
    "p25": -0.762600429095743,
    "p75": 0.7393030673231931
  },
  "V12": {
    "mean": 0.00034288319692553246,
    "std": 0.9987588582652034,
    "min": -18.6837146333443,
    "max": 7.8483920756446,
    "p25": -0.40495433377181,
    "p75": 0.6182725147508386
  },
  "V13": {
    "mean": -0.0004714709335357841,
    "std": 0.9949860733322764,
    "min": -5.79188120632084,
    "max": 4.56900895856606,
    "p25": -0.648865116433053,
    "p75": 0.661996452129868
  },
  "V14": {
    "mean": -0.0006005542487755681,
    "std": 0.9579176874229776,
    "min": -19.2143254902614,
    "max": 10.5267660517847,
    "p25": -0.425812768368528,
    "p75": 0.492412754784597
  },
  "V15": {
    "mean": -0.0005615412742815351,
    "std": 0.9147046856804084,
    "min": -4.49894467676621,
    "max": 5.82565431863365,
    "p25": -0.583250354069747,
    "p75": 0.648317648504487
  },
  "V16": {
    "mean": -0.0009662972073363994,
    "std": 0.8742429472896156,
    "min": -14.1298545174931,
    "max": 6.44279790144451,
    "p25": -0.4683911399897105,
    "p75": 0.5225675398225009
  },
  "V17": {
    "mean": 2.6901350755885846e-05,
    "std": 0.849237541601992,
    "min": -25.1627993693248,
    "max": 9.25352625047285,
    "p25": -0.483724469990028,
    "p75": 0.3995466043476545
  },
  "V18": {
    "mean": -0.0003327268734834621,
    "std": 0.8372766929791612,
    "min": -9.49874592104677,
    "max": 4.2956482344645,
    "p25": -0.4987596436189735,
    "p75": 0.5003547409011015
  },
  "V19": {
    "mean": 0.0009724967285498719,
    "std": 0.8126575119149355,
    "min": -4.93273305547833,
    "max": 5.59197142733558,
    "p25": -0.45528023932824147,
    "p75": 0.459221737082221
  },
  "V20": {
    "mean": -0.004776742400221851,
    "std": 0.6983122757628045,
    "min": -23.6468903321673,
    "max": 16.7564479267279,
    "p25": -0.211748301672738,
    "p75": 0.1324651596785525
  },
  "V21": {
    "mean": -0.001334502383112583,
    "std": 0.7268622581746647,
    "min": -34.8303821448146,
    "max": 27.2028391573154,
    "p25": -0.22842603557472602,
    "p75": 0.185867659553616
  },
  "V22": {
    "mean": 0.0013868518475888356,
    "std": 0.7225624196727947,
    "min": -8.88701714094871,
    "max": 10.5030900899454,
    "p25": -0.5414106561637635,
    "p75": 0.5289903790210679
  },
  "V23": {
    "mean": 0.0015186135893250415,
    "std": 0.568169951784879,
    "min": -36.666000066027,
    "max": 22.0835448685737,
    "p25": -0.161531262978059,
    "p75": 0.147630362206621
  },
  "V24": {
    "mean": -0.00016109000261534513,
    "std": 0.6052290780415098,
    "min": -2.83662691870341,
    "max": 4.02286589044732,
    "p25": -0.354567806818045,
    "p75": 0.43926065680125204
  },
  "V25": {
    "mean": 0.0006754905701300274,
    "std": 0.5176504619074758,
    "min": -7.49574110405709,
    "max": 7.51958867870916,
    "p25": -0.31663422505007455,
    "p75": 0.35073257799309854
  },
  "V26": {
    "mean": 0.00021543289923584678,
    "std": 0.4819160516102564,
    "min": -2.06856086855144,
    "max": 3.5173456116238,
    "p25": -0.3268072985814715,
    "p75": 0.240983975382731
  },
  "V27": {
    "mean": -0.00041119131983661546,
    "std": 0.39262899417887204,
    "min": -22.5656793207827,
    "max": 10.5078843530835,
    "p25": -0.0706983833221457,
    "p75": 0.09102780755008069
  },
  "V28": {
    "mean": -6.9986774491899855e-06,
    "std": 0.3232453345286369,
    "min": -11.7108956394515,
    "max": 33.8478078188831,
    "p25": -0.0529507865834211,
    "p75": 0.07804906040457785
  },
  "Amount": {
    "mean": -1.3585377922118581e-17,
    "std": 1.000001757331808,
    "min": -0.4323733646781725,
    "max": 15.019736427234742,
    "p25": -0.4037869615631336,
    "p75": -0.0362327766461651
  }
}